SourceID,TargetID,SourceNodeColor,SourceNodeSize,TargetNodeColor,TargetNodeSize
FAM214B,C17orf103,2,5,0,5
FAM214B,WDR45,2,5,0,5
IL32,CD2,0,5,2,5
RPS20,SNN,0,5,2,5
TRAF3IP3,KIAA0907,3,5,2,5
TRAF3IP3,GLUL,3,5,2,5
STAB1,ASGR2,2,5,2,5
STAB1,CARD9,2,5,2,5
STAB1,TBC1D2,2,5,2,5
STAB1,GPR162,2,5,0,5
CD4,VASH1,2,5,3,5
CD4,TICAM1,2,5,0,5
CD4,GPR35,2,5,0,5
PLAUR,RP11-44F14.2,2,5,0,5
PLAUR,MSRB1,2,5,2,5
MAN2B2,SNX33,0,5,2,5
RUNX3,SMAD7,0,5,2,5
RUNX3,SYT11,0,5,2,5
PRKCH,NEO1,2,5,0,5
PRKCH,KDELC2,2,5,0,5
PRKCH,FYN,2,5,0,5
PRKCH,CD247,2,5,0,5
PRKCH,LGALSL,2,5,2,5
PRKCH,OTUD7B,2,5,0,5
PRKCH,SLFN12L,2,5,0,5
PRKCH,ELAC2,2,5,0,5
PRKCH,PRKCQ,2,5,0,5
PNPLA6,CTIF,0,5,2,5
VCAN,CYP1B1,2,15,2,5
VCAN,ANKRD50,2,15,0,5
VCAN,CYBB,2,15,2,15
VCAN,KCTD12,2,15,2,5
VCAN,RPL7AP64,2,15,0,5
VCAN,RP11-356N1.2,2,15,0,5
VCAN,SGMS2,2,15,2,5
VCAN,FAM198B,2,15,2,5
VCAN,RXFP2,2,15,0,5
OFD1,FRA10AC1,0,5,2,5
VAMP3,NUDT16P,2,5,2,5
VAMP3,SPG21,2,5,2,5
MTA3,FAIM3,2,5,0,5
MTA3,ZNF599,2,5,0,5
PPP1R12A,CSGALNACT2,0,5,2,5
MXD1,PLAUR,2,15,2,5
MXD1,PELI2,2,15,0,5
MXD1,TSEN34,2,15,0,5
MXD1,RASSF2,2,15,0,5
MXD1,MEGF9,2,15,2,5
MXD1,B4GALT5,2,15,0,5
MXD1,REPS2,2,15,0,15
MXD1,LYN,2,15,0,15
MXD1,DNMT1,2,15,0,5
MXD1,IFNGR2,2,15,0,5
MXD1,MPZL3,2,15,2,5
MXD1,TMEM154,2,15,0,5
MXD1,ZBTB34,2,15,0,5
MXD1,ALG1L13P,2,15,0,5
SLC2A3,OSM,3,5,2,5
IPCEF1,UBASH3B,2,5,0,5
FOSL2,NLRP12,2,5,2,5
ICAM3,IER3,0,5,2,5
ICAM3,EEPD1,0,5,2,5
ULK2,CABP4,2,5,0,5
PILRA,RP11-711M9.1,2,5,0,5
PPP1R15A,ARHGEF40,1,5,2,5
PSMC5,HIST1H2AC,0,5,2,5
LPCAT2,RIPK2,2,5,2,5
LPCAT2,RP11-212I21.4,2,5,0,5
NSFL1C,SIRPB2,0,5,2,5
P2RX7,RP11-340F14.5,0,5,2,5
SLC24A6,UPP1,0,5,2,5
KDM2B,CACNB1,0,5,2,5
PXN,ITGAX,2,5,2,5
PXN,MAP7D1,2,5,0,5
CECR1,SCARB2,2,5,0,5
CECR1,NFKBIE,2,5,0,5
CECR1,SAMHD1,2,5,2,5
CECR1,GRAMD1B,2,5,2,5
CECR1,DPYSL2,2,5,2,15
HNRNPH3,HNRNPA2B1,2,5,0,5
HNRNPH3,CCDC146,2,5,0,5
SUN2,CD7,0,5,2,5
GRAP2,SLA2,4,5,2,5
IL2RB,CD7,0,5,2,5
FKBP3,CCDC77,0,5,2,5
TRPC4AP,ACSS2,0,5,2,5
SIRPB1,RP5-1086K13.1,2,5,0,5
POFUT1,PTPN9,0,5,2,5
CDK5RAP1,KIAA0907,0,5,2,5
TLR8,VAMP3,2,5,2,5
TLR8,IGSF6,2,5,2,5
TNFSF13B,APOBEC3A,2,5,2,5
TNFSF13B,TNFAIP6,2,5,0,5
USB1,EMILIN2,0,5,2,5
USB1,MYD88,0,5,2,5
CTSH,TK2,0,5,2,5
DMXL2,MCTP1,2,5,2,5
DMXL2,POLD3,2,5,0,5
DMXL2,TCF7L2,2,5,2,5
DMXL2,FAR2,2,5,0,5
CPQ,FRY,2,5,0,5
CPQ,APMAP,2,5,0,5
CPQ,ANKRD13C,2,5,0,5
TRPS1,AHR,0,5,2,5
TRPS1,TMTC2,0,5,2,5
TSTA3,METTL9,0,5,2,5
RAB3D,TKT,2,5,2,5
FKBP8,ADIPOR1,0,5,2,5
NAMPT,VNN2,2,15,0,5
NAMPT,MNDA,2,15,2,5
NAMPT,FARSA,2,15,0,5
NAMPT,GK,2,15,2,5
NAMPT,ACSL4,2,15,0,15
NAMPT,LMNB1,2,15,0,5
NAMPT,GCA,2,15,0,15
NAMPT,SDCBP,2,15,2,5
NAMPT,RAB5A,2,15,0,5
NAMPT,TDP2,2,15,0,5
NAMPT,ST8SIA4,2,15,0,5
LFNG,DOK2,0,5,2,5
AHR,SOWAHC,2,5,0,5
AHR,WDR49,2,5,3,5
SUFU,SEPN1,0,5,2,5
MLLT6,APOBEC3D,0,5,2,5
RAI1,ATP8B3,0,5,2,5
MS4A6A,RIN2,2,5,2,5
MS4A6A,WDR49,2,5,3,5
OAS3,SIGLEC1,0,5,2,5
MAPK14,TLR5,0,15,2,5
MAPK14,CDC42EP3,0,15,2,5
SOD2,PRKAR1A,2,5,0,5
SOD2,RALB,2,5,0,5
SOD2,F2RL1,2,5,0,5
VEGFA,CTD-3035D6.1,2,5,0,5
ITK,RP11-292F22.6,2,5,0,5
ARSB,IGHEP2,2,5,0,5
HRH2,EMR2,2,5,2,5
HRH2,KIAA0317,2,5,0,5
HRH2,SIRPA,2,5,2,5
PFKFB4,TNFSF13B,2,5,2,5
PFKFB4,PSENEN,2,5,0,5
PFKFB4,HLX,2,5,0,5
PFKFB4,FUT8,2,5,0,5
PFKFB4,MIR223,2,5,2,5
PFKFB4,TMEM48,2,5,0,5
GNAI2,ITGB2,0,5,2,5
GNAI2,CDC42EP4,0,5,2,5
ATP6V1A,CPPED1,0,5,2,5
VIPR1,PABPC4,2,5,1,5
VIPR1,RP11-529H20.6,2,5,0,5
VIPR1,CES4A,2,5,0,5
CD2,CCDC65,2,5,0,5
CD2,AC109826.1,2,5,0,5
ATP6V0B,SULT1A1,0,5,2,5
SGK1,MAP7,2,5,0,5
UBN1,ACTN1,0,5,2,5
FLVCR2,S100Z,2,5,2,5
MXI1,FAM210B,0,5,2,5
TGFBI,RIN2,2,15,2,5
TGFBI,APLP2,2,15,0,5
TGFBI,ALDH2,2,15,2,5
TGFBI,PID1,2,15,2,5
TGFBI,CACNA2D3,2,15,0,5
TGFBI,CPAMD8,2,15,2,5
UBIAD1,KCNMB4,2,5,0,5
CSTA,GMFG,2,5,0,5
CSTA,C14orf2,2,5,0,5
CSTA,HSBP1,2,5,2,5
CSTA,ARPC3,2,5,0,5
CSTA,NDUFB3,2,5,0,5
CD244,ZNF193,2,5,0,5
HNRNPA2B1,FGFR1OP,0,5,2,5
RNF11,SH3BGRL,2,5,0,5
RNF11,C7orf73,2,5,0,5
RNF11,JAZF1,2,5,0,5
RNF11,RPIA,2,5,0,5
ACOT9,PANK2,2,5,3,5
F13A1,LGALSL,2,5,2,5
TREM1,RP1-229K20.5,2,5,3,5
CLYBL,ARHGEF5,3,5,2,5
SEPTIN6,CTD-2666L21.2,2,5,0,5
SEPTIN6,GOLGA2B,2,5,0,5
SEPTIN6,ERI3,2,5,0,5
SEPTIN6,CACNA1C-AS1,2,5,0,5
SEPTIN6,RP11-15H20.6,2,5,0,5
SEPTIN6,PCYOX1L,2,5,0,5
PLEKHG3,TMEM43,2,5,2,5
PLEKHG3,RAB37,2,5,5,5
PLEKHG3,ASF1B,2,5,0,5
FGD3,ARAP3,0,5,2,5
BCL11B,CAMK4,2,5,0,5
BCL11B,TRIB2,2,5,0,5
BCL11B,NR3C2,2,5,0,5
BCL11B,TRBC2,2,5,0,5
BCL11B,TTC3,2,5,0,5
BCL11B,RCAN3,2,5,0,5
BCL11B,ABLIM1,2,5,0,5
BCL11B,DOCK10,2,5,0,5
BCL11B,FBXO32,2,5,0,5
BCL11B,RASGRP1,2,5,0,5
BCL11B,LMO7,2,5,0,5
BCL11B,PAQR8,2,5,0,5
BCL11B,PRKCQ,2,5,0,5
GNAZ,CDK2AP1,4,5,2,5
GNAZ,ABCC3,4,5,2,5
GNAZ,CXCR2P1,4,5,2,5
APOBEC3A,TNNI2,2,5,0,5
APOBEC3A,MX2,2,5,0,15
SPECC1,UBA52,2,5,0,5
SPECC1,STIL,2,5,0,5
SPECC1,MCRS1,2,5,0,5
SPECC1,BRAP,2,5,3,5
SPECC1,CDC42BPA,2,5,0,5
SPECC1,RHBDD1,2,5,0,5
IRF5,CECR1,0,15,2,5
IRF5,RASSF4,0,15,2,5
IRF5,AIFM3,0,15,2,5
ATP8B3,TBX6,2,5,0,5
MPP1,ISCU,2,5,0,5
MPP1,UBB,2,5,0,5
MPP1,MFSD2B,2,5,4,5
MPP1,GABARAPL2,2,5,0,5
MPP1,EMC3,2,5,0,5
MPP1,TNS1,2,5,0,5
C12orf65,DHODH,2,5,0,5
C12orf65,AC004453.8,2,5,0,5
C12orf65,ZNF48,2,5,0,5
RBM39,NGLY1,0,5,2,5
EMR3,CCDC125,2,5,0,5
RAF1,PADI4,0,15,2,5
RAF1,MBOAT1,0,15,2,5
RAF1,HAL,0,15,2,5
EMILIN2,NLRP3,2,5,2,5
EMILIN2,SLC46A2,2,5,2,5
EMILIN2,ARSD,2,5,2,5
EMILIN2,SIGLEC15,2,5,0,5
PTPRE,TRIB1,2,15,3,5
PTPRE,APLP2,2,15,0,5
PTPRE,NCOA2,2,15,0,15
PTPRE,CTBP2,2,15,2,5
PTPRE,ARSG,2,15,0,5
RAP1GAP2,CTC-205M6.5,0,5,2,5
RIN2,CHN2,2,5,2,5
RIN2,FLVCR2,2,5,2,5
RIN2,KLF10,2,5,2,5
RIN2,HTR7P1,2,5,3,5
RIN2,CD300E,2,5,2,5
RIN2,MERTK,2,5,0,5
RIN2,C10orf11,2,5,0,5
RIN2,FGD6,2,5,0,5
KIAA0907,GOSR1,2,5,0,5
KIAA0907,AD000092.3,2,5,0,5
KIAA0907,ILKAP,2,5,0,5
KIAA0907,GOLGA1,2,5,0,5
KIAA0907,ITGAE,2,5,0,5
KIAA0907,FANCD2,2,5,0,5
KIAA0907,ENSA,2,5,0,5
ARHGEF11,SHE,2,5,0,5
ARHGEF11,SLC24A4,2,5,2,5
SRRM1,NFE2,0,5,2,5
GIMAP6,ANXA6,2,5,0,5
GIMAP6,AKIP1,2,5,0,5
GIMAP6,RARRES3,2,5,0,5
VHL,IRAK2,2,5,0,5
SORT1,DUSP3,2,5,2,5
SORT1,DISC1,2,5,0,5
SORT1,LILRB4,2,5,0,5
IL6ST,CAMSAP2,0,5,2,5
IL6ST,LEPROTL1,0,5,2,5
EIF2C4,RRAGD,0,5,2,5
TPP2,GOLGA8B,0,5,2,5
CD36,AP003774.6,2,5,0,5
DYSF,PADI2,2,15,2,5
DYSF,FAM157C,2,15,0,5
DYSF,DHRS12,2,15,0,5
DYSF,TECPR2,2,15,2,15
DYSF,NCF4,2,15,0,5
DYSF,SIGLEC9,2,15,2,5
DYSF,LILRB3,2,15,2,5
DYSF,NQO2,2,15,2,5
DYSF,SEMA4A,2,15,0,5
DYSF,AC093627.6,2,15,0,5
USP15,FAM19A2,0,5,2,5
GLUL,CCNDBP1,2,5,0,5
GLUL,GDE1,2,5,0,5
GLUL,BMP2K,2,5,0,5
GLUL,SRXN1,2,5,2,5
GLUL,PCTP,2,5,2,5
FAM129A,RAB31,0,5,2,5
ITM2B,FPR2,2,5,2,5
LCP1,OSBPL1A,0,5,2,5
LCP1,ANO10,0,5,2,5
TM6SF1,FGD4,2,5,2,5
TM6SF1,PGM2,2,5,0,5
KLF4,DUSP6,2,5,2,5
KLF4,FZD1,2,5,2,5
KLF4,SPRED1,2,5,2,5
KLF4,RRAS,2,5,0,5
TLN1,VCL,0,5,2,5
PIM1,ERMAP,0,5,2,5
TLR2,IL13RA1,2,5,0,5
PLCB2,GTPBP5,2,5,0,5
PLCB2,MARS,2,5,0,5
PLCB2,TRPM2,2,5,0,5
TMEM62,FUT4,0,5,2,5
CYP1B1,CYP1B1-AS1,2,5,0,5
PARP9,ACOT9,0,5,2,5
PARP9,PLSCR1,0,5,2,5
FGD4,NLRC4,2,5,2,5
FGD4,SEMA3C,2,5,0,5
FGD4,KLHL8,2,5,0,5
PELI2,RAB31,0,5,2,5
ITGAX,RP11-34P13.13,2,5,0,5
CCDC97,SIGLEC16,0,5,2,5
NLRP12,TMEM120A,2,5,0,5
NLRP12,FAM86B3P,2,5,3,5
NLRP12,CDA,2,5,2,5
NLRP12,KIAA0226L,2,5,0,5
MCL1,DIP2B,2,5,0,5
MCL1,KBTBD7,2,5,0,5
MCL1,PRRG4,2,5,0,5
CERS2,C10orf12,2,5,0,5
POGZ,SLC16A4,0,5,2,5
ADAM15,CRTAP,2,5,2,5
ADAM15,COL8A2,2,5,0,5
NVL,ACSM3,2,5,0,5
NVL,NDUFAF6,2,5,0,5
NVL,IPO7,2,5,0,5
MRPS5,MTERFD1,0,5,2,5
CSRNP1,CCR1,1,5,2,5
CSRNP1,JUNB,1,5,2,5
OCIAD2,PLXDC2,0,5,2,5
ARHGAP26,ARNTL,2,15,0,5
ARHGAP26,MZT2B,2,15,0,5
ARHGAP26,SORL1,2,15,0,15
ARHGAP26,RP11-290F5.1,2,15,0,5
ARHGAP26,NPEPPS,2,15,0,5
ARHGAP26,NDEL1,2,15,0,5
ARHGAP26,GNRH1,2,15,0,5
ARHGAP26,AC079210.1,2,15,0,5
ARHGAP26,CTD-2583P5.1,2,15,0,5
FGD2,UBXN11,0,15,2,5
ATP6V1B2,CPQ,2,15,2,5
ATP6V1B2,ATP6V1A,2,15,0,5
ATP6V1B2,RCBTB2,2,15,0,5
ATP6V1B2,LCP1,2,15,0,5
ATP6V1B2,TLR2,2,15,2,5
ATP6V1B2,BACH1,2,15,0,5
ATP6V1B2,NPTN,2,15,2,5
ATP6V1B2,KCNE3,2,15,2,5
ATP6V1B2,PELI1,2,15,0,5
ATP6V1B2,FAM49A,2,15,0,5
ATP6V1B2,PAK1,2,15,2,5
ATP6V1B2,REPS2,2,15,0,15
ATP6V1B2,NCF2,2,15,2,15
ATP6V1B2,DOCK5,2,15,2,15
ATP6V1B2,MSRB2,2,15,0,5
ATP6V1B2,RP11-561P12.5,2,15,0,5
ATP6V1B2,PSEN1,2,15,0,5
EIF4EBP2,MT-CO1,0,5,2,5
FADS1,FADS2,2,5,0,5
TMEM25,CTC-260E6.6,0,5,2,5
NGLY1,ANKRD10,2,5,0,5
NGLY1,HERC4,2,5,0,5
NGLY1,RNPC3,2,5,0,5
ANKRD50,TMEM170B,0,5,2,5
ANKRD50,HEXB,0,5,2,5
ANKRD50,CPNE8,0,5,2,5
ACSL1,SLC2A3,2,5,3,5
ACSL1,MAPK14,2,5,0,15
ACSL1,CREB5,2,5,2,5
ACSL1,PYGL,2,5,2,5
ACSL1,MCTP2,2,5,0,5
ACSL1,PROK2,2,5,3,5
ACSL1,KREMEN1,2,5,0,5
ACSL1,RP11-701P16.5,2,5,0,5
ACSL1,MGAM,2,5,0,5
ACSL1,HAUS4,2,5,0,5
ACSL1,SLC22A4,2,5,0,5
ACSL1,SRPK1,2,5,0,5
ACSL1,CR1,2,5,0,5
ACSL1,PPP1R3B,2,5,0,5
ACSL1,IL10RB,2,5,0,5
ACSL1,SLC26A8,2,5,0,5
ACSL1,KCNJ15,2,5,0,5
CD8A,MIAT,2,5,0,5
CD8A,KLRK1,2,5,0,5
CD8A,CCL5,2,5,2,5
CD8A,TPRG1,2,5,0,5
CD8A,CD8B,2,5,0,5
PPP4R1,GLT1D1,0,5,2,5
PPP4R1,FAM45A,0,5,2,5
RAB11FIP1,CPPED1,0,5,2,5
MMP14,CTB-52I2.5,2,5,0,5
ADIPOR1,MPP1,2,5,2,5
ADIPOR1,TUBB2A,2,5,3,5
ADIPOR1,CSDA,2,5,0,5
ADIPOR1,SLC25A37,2,5,0,5
CTBP1,CMTM3,0,5,2,5
AGPAT3,HK1,2,5,0,5
AGPAT3,DESI1,2,5,0,5
AGPAT3,MFSD12,2,5,0,5
SLC2A6,RIN1,0,5,2,5
ZER1,AP2A1,0,5,2,5
AMICA1,CCPG1,2,5,0,5
AMICA1,ZNF586,2,5,2,5
AMICA1,SRSF8,2,5,0,5
AMICA1,MIR223,2,5,2,5
AMICA1,KB-431C1.4,2,5,0,5
AMICA1,RP11-832A4.5,2,5,0,5
IL6R,STAT3,0,15,2,5
GBP2,PTGES3P1,2,5,0,5
RNF149,RFWD2,2,5,0,5
RNF149,CSF2RA,2,5,2,5
RNF149,FAM49B,2,5,0,15
RNF149,RPA1,2,5,0,5
RNF149,WLS,2,5,0,5
S100A9,S100A12,2,5,2,5
S100A9,RBP7,2,5,0,5
S100A9,NOP10,2,5,0,5
S100A12,S100A8,2,5,2,5
MNDA,AFF2,2,5,0,5
AIMP1,UBTD1,0,5,2,5
SYTL3,SYAP1,2,5,0,5
SYK,SPG21,0,5,2,5
NFIL3,TLR8,2,5,2,5
NFIL3,MME,2,5,0,5
NFIL3,SULT1B1,2,5,0,5
TRMT10B,C15orf40,2,5,0,5
ARHGEF40,CTD-3252C9.4,2,5,3,5
ARHGEF40,ZNF219,2,5,2,5
ARHGEF40,RFX2,2,5,2,5
ANPEP,ACTN1,2,5,2,5
ZNF646,SSH3,0,5,2,5
IL7R,ZNF280B,2,5,0,5
IL7R,ZNF382,2,5,0,5
IL7R,GCSAM,2,5,0,5
IL7R,SCML4,2,5,0,5
IL7R,FAAH2,2,5,0,5
TET2,SLC8A1,0,5,2,5
TET2,GNAQ,0,5,2,5
PTPN9,ABHD6,2,5,0,5
TMEM43,TAGAP,2,5,3,5
OSCAR,VSTM1,2,5,0,5
OSCAR,BAIAP2L1,2,5,0,5
OSCAR,HK3,2,5,2,5
OSCAR,AGTRAP,2,5,2,5
FPR2,FPR1,2,5,2,5
INSR,YPEL2,2,5,5,5
INSR,PVR,2,5,0,5
JUNB,PIM3,2,5,1,5
JUNB,WDFY3-AS2,2,5,0,5
JUNB,CEBPB,2,5,0,5
PLRG1,RXRA,0,5,2,5
RGS19,EFHD2,0,5,2,5
RNMTL1,NCBP2,1,5,2,5
CLEC7A,CLEC1A,2,5,0,5
HPSE,COQ2,2,5,2,5
MAP3K11,TNFAIP2,0,5,2,5
NABP1,SOD2,0,5,2,5
NABP1,LY96,0,5,2,5
TMEM167A,AP1S2,0,5,2,15
MCTP1,TANK,2,5,0,5
MCTP1,HORMAD1,2,5,0,5
MCTP1,GNB4,2,5,0,5
MCTP1,CARD6,2,5,2,5
MCTP1,DPYD,2,5,0,5
KCNE3,NMNAT1,2,5,0,5
WSB2,VSIG10,2,5,0,5
ULK1,SIRPB2,0,5,2,5
ULK1,RCN3,0,5,2,5
IMPDH2,UBIAD1,0,5,2,5
RP11-151N17.2,RP11-622O11.2,0,5,2,5
PCED1B,CISH,5,5,2,5
MYADM,F12,2,5,0,5
MYADM,TPPP,2,5,0,5
MYADM,RFX2,2,5,2,5
MYADM,DNAJB5,2,5,0,5
C1orf200,RP11-960L18.1,3,5,2,5
PRF1,DUSP2,2,5,3,5
PRF1,OSBPL5,2,5,2,5
PRF1,TTC38,2,5,0,5
PRF1,SPON2,2,5,0,5
PRF1,F2R,2,5,0,5
PRF1,MLC1,2,5,0,5
PRF1,NCAM1,2,5,0,5
NPM1,GIMAP7,0,5,2,5
POLR2A,LRP1,0,15,2,15
SLC9A9,DST,0,5,2,5
AP1S2,SPTSSA,2,15,0,5
AP1S2,HNMT,2,15,2,5
AP1S2,SLC30A1,2,15,2,5
AP1S2,TFEC,2,15,0,15
RPL35A,GRB2,0,5,2,5
FOXO4,C5orf4,0,5,2,5
SOCS3,OSM,3,5,2,5
TNFAIP2,SIGLEC7,2,5,0,5
TNFAIP2,CD300LF,2,5,2,5
CD300E,CD300C,2,5,2,5
FCAR,AGPAT9,2,5,0,5
FCAR,HIATL1,2,5,0,5
FCAR,CTB-61M7.2,2,5,3,5
FCAR,G0S2,2,5,2,5
FCAR,LILRA5,2,5,2,5
FCAR,MSRB1,2,5,2,5
FCAR,C19orf59,2,5,0,5
CARD9,GLT25D1,2,5,0,5
CARD9,ZDHHC1,2,5,0,5
CARD9,TMEM150B,2,5,0,5
CARD9,SPHK1,2,5,0,5
SIRPB2,KCNE1,2,5,0,5
GIMAP5,LCMT2,2,5,3,5
GIMAP5,TRAV8-3,2,5,0,5
FUT4,PIWIL4,2,5,5,5
FUT4,ACER3,2,5,2,5
AP2A1,BAG6,2,5,0,5
AP2A1,EIF2C2,2,5,0,5
AP2A1,B4GALT3,2,5,0,5
AP2A1,PQLC1,2,5,0,5
AP2A1,ST6GALNAC4,2,5,0,5
LRP10,CMIP,0,5,2,5
SPTAN1,SMARCC1,2,5,0,5
SPTAN1,CARD11,2,5,0,5
SPTAN1,TNRC6C,2,5,0,5
SPTAN1,ST6GAL1,2,5,3,5
SPTAN1,MLL,2,5,0,5
SPTAN1,CDC25B,2,5,0,5
SPTAN1,ESYT1,2,5,0,5
SPTAN1,KANSL3,2,5,0,5
SPTAN1,DUSP16,2,5,0,5
SPTAN1,ARHGEF7,2,5,0,5
F5,HK2,2,5,0,5
F5,LRRN1,2,5,0,5
GK,FYB,2,5,2,5
GK,RP11-242C19.2,2,5,0,5
GK,ADM,2,5,0,5
CD3E,TESPA1,2,5,0,5
CD3E,RP11-18H21.1,2,5,5,5
CD3E,UBE2Q2P1,2,5,0,5
CD3E,TRBJ2-2,2,5,0,5
MT-ND4,MT-ND3,2,5,0,5
MT-ND4,MT-CYB,2,5,2,5
MT-ND4,MT-CO2,2,5,0,5
MT-ATP6,NR4A3,2,5,3,5
MT-CO3,MT-CO1,0,5,2,5
MAFB,SORT1,2,5,2,5
MAFB,PRR11,2,5,0,5
MAFB,TBC1D8,2,5,2,5
MAFB,PTGIR,2,5,2,5
MAFB,LDLRAD3,2,5,0,5
MAFB,RNF135,2,5,0,5
MAFB,C11orf75,2,5,2,5
PRRC2A,PXN,0,5,2,5
PRRC2A,TTYH3,0,5,2,5
TMEM170B,BCAT1,2,5,0,5
LYRM5,CCT6P3,0,5,2,5
RP11-764K9.4,FRG1B,0,5,2,5
CTB-89H12.4,ZFP36L2,0,5,2,5
AC104809.4,CTSL1,2,5,0,5
AC104809.4,AC104809.3,2,5,0,5
APOBEC3D,SMAGP,2,5,0,5
APOBEC3D,APOBEC3F,2,5,0,5
APOBEC3D,LINC00672,2,5,0,5
HBB,RNA5-8SP6,2,5,0,5
RP11-622O11.2,ABI2,2,5,0,5
RP11-622O11.2,RP11-747H7.3,2,5,0,5
RP11-622O11.2,SKAP1,2,5,0,5
RP11-622O11.2,SS18L1,2,5,0,5
RP11-622O11.2,AC007390.5,2,5,0,5
RP11-622O11.2,ZNF37BP,2,5,0,5
RP11-622O11.2,RP11-102L12.2,2,5,0,5
RP11-622O11.2,ZNF621,2,5,0,5
NAIP,RP11-1319K7.1,2,5,0,5
SNHG1,CCDC104,0,5,2,5
LSM14A,IFI30,0,5,2,5
CTC-260E6.6,ZNF90,2,5,0,5
CTC-444N24.11,ABI2,2,5,0,5
LAMP2,ITM2B,0,5,2,5
LAMP2,KCNE3,0,5,2,5
ZNF263,CACNA2D4,0,5,2,5
ABHD5,SPAG1,2,5,3,5
ABHD5,CPD,2,5,2,5
ABHD5,APAF1,2,5,0,5
ABHD5,ARHGAP19,2,5,0,5
ABHD5,ACOX1,2,5,0,5
TYROBP,PYCARD,2,5,0,5
TYROBP,IL1RN,2,5,2,5
EXTL3,FOSL2,0,5,2,5
EXTL3,CRISPLD2,0,5,2,5
OSBPL5,ABI3,2,5,0,5
OSBPL5,MVD,2,5,0,5
OSBPL5,C9orf172,2,5,0,5
STRAP,TIAL1,0,5,2,5
TNFRSF1B,ZDHHC7,2,5,2,5
TNFRSF1B,RXRA,2,5,2,5
TNFRSF1B,RAB5C,2,5,0,5
TNFRSF1B,MAPKAPK2,2,5,0,5
TNFRSF1B,MAPKAPK3,2,5,2,5
TNFRSF1B,SH2B3,2,5,0,5
VCL,ANKRD33B,2,5,0,5
TIMP2,RCOR1,2,5,0,5
PSMA4,CERS2,0,5,2,5
TNFRSF1A,FLOT2,2,5,0,5
TNFRSF1A,RNF19B,2,5,2,5
TNFRSF1A,CCNJL,2,5,0,5
TNFRSF1A,KIAA0247,2,5,0,5
TNFRSF1A,PLEKHG6,2,5,0,5
TNFRSF1A,SPI1,2,5,0,5
TNFRSF1A,RASGRP4,2,5,2,5
TNFRSF1A,MIDN,2,5,0,5
TNFRSF1A,LTBR,2,5,2,5
TNFRSF1A,RP11-415J8.3,2,5,0,5
TNFRSF1A,TLE3,2,5,0,5
ROGDI,FTLP3,2,5,0,5
HDAC4,GAS7,0,5,2,5
ACSL4,IRAK3,0,15,2,15
NDST1,CD93,2,5,2,5
ACTN1,HIP1,2,5,0,5
ACTN1,PIK3CD,2,5,0,5
ACTN1,RHOG,2,5,2,5
ACTN1,ADAM8,2,5,0,5
FRY,EMR3,0,5,2,5
FRY,FAM19A2,0,5,2,5
TMEM131,CD44,0,5,2,5
ACTB,TPP1,0,5,2,5
NT5C2,RP11-196G18.22,0,5,2,5
SSH1,IL17RA,0,15,2,15
IPO11,SEC22A,0,5,2,5
NLRC4,DSE,2,5,4,5
NLRC4,ADAM9,2,5,2,5
NLRC4,LTA4H,2,5,0,5
NLRC4,snoU13,2,5,0,5
CMTM6,TLR4,0,5,2,5
CMTM6,RAB32,0,5,2,5
NUP50,CTA-217C2.1,3,5,2,5
BRPF3,VPS26B,0,5,2,5
ADRBK2,EPB41L3,0,15,2,5
ADRBK2,CYBB,0,15,2,15
ADRBK2,MYOF,0,15,2,5
HPS4,NAT10,0,5,2,5
HMOX1,TPPP3,2,5,0,5
HMOX1,CST3,2,5,2,5
PYGL,CKAP4,2,5,0,5
PYGL,TRPM6,2,5,0,5
PYGL,ROPN1L,2,5,0,5
APMAP,CST7,0,5,2,5
TBL1X,LATS2,0,5,2,5
ELF4,ICAM1,0,5,2,5
TAZ,UBXN11,0,5,2,5
LEPROTL1,TMEM66,2,5,0,5
LEPROTL1,TMEM41B,2,5,0,5
LILRA1,TNFRSF10B,2,5,0,5
CD33,FAM114A1,2,5,0,5
MEGF9,PIH1D1,2,5,0,5
MEGF9,RTN3,2,5,0,5
TSPAN14,DCTN3,2,5,0,5
TSPAN14,TCTA,2,5,0,5
CPD,CD55,2,5,0,5
PRKAR1A,MCL1,0,5,2,5
BST1,TSPYL1,2,5,1,5
BST1,RP11-443B7.3,2,5,3,5
BST1,C9orf66,2,5,0,5
FNBP4,CD3E,0,5,2,5
COMMD9,CRTAP,0,5,2,5
ACAD10,GLB1L,0,5,2,5
ALDH2,TRPM4,2,5,0,5
AIM1,IPCEF1,0,5,2,5
SNX3,STOM,0,5,2,5
EXOC2,MSANTD2,0,5,2,5
SUB1,LPAR6,0,5,2,5
PPWD1,LUC7L3,0,5,2,5
NPHP3,RP11-2H8.2,0,5,2,5
GCA,ITM2B,0,15,2,5
GCA,SRGN,0,15,2,5
GCA,SERPINB1,0,15,2,5
ZNF142,MAPK7,0,5,2,5
ARID3A,UBTD1,0,15,2,5
SRGN,S100A9,2,5,2,5
SRGN,ARID1B,2,5,0,5
SRGN,CMTM2,2,5,0,5
LPGAT1,TM6SF1,0,5,2,5
PREX1,AKAP13,2,5,0,5
PREX1,APOBR,2,5,2,5
UBR4,ADD1,0,5,2,5
ALDH1A2,BST1,0,5,2,5
SLC44A2,CXCR2,0,5,2,5
ADCY4,PADI4,0,5,2,5
SEC14L1,LPAR6,0,5,2,5
CDKN1C,NR4A1,2,5,3,5
CDKN1C,AC104809.4,2,5,2,5
CDKN1C,NEURL,2,5,2,5
HELZ2,TYMP,0,15,2,5
ILKAP,GPATCH1,0,5,2,5
MICAL2,EIF2C2,2,5,0,5
MICAL2,MICALCL,2,5,0,5
CD63,S100A4,0,5,2,5
STX11,SECTM1,2,5,2,5
GNS,TBC1D30,2,5,0,5
GNS,AOAH,2,5,2,5
GNS,SPTLC2,2,5,0,5
KIAA0513,BIN3,2,5,0,5
TTLL4,CYP27A1,0,5,2,5
TMEM127,PSME3,2,5,0,5
TMEM127,IQSEC1,2,5,0,5
TTYH3,SRC,2,5,2,5
TMEM63B,MCOLN1,0,5,2,5
SORL1,CPQ,0,15,2,5
SORL1,TMEM43,0,15,2,5
IDH1,LAPTM4A,2,5,2,5
IDH1,HAVCR2,2,5,2,5
IDH1,PRDX3,2,5,0,5
IDH1,FAM105A,2,5,2,5
TSPAN3,RP11-797A18.4,2,5,0,5
TSPAN3,RP11-797A18.3,2,5,0,5
ZNF710,CLN6,2,5,3,5
FURIN,FAM214B,0,5,2,5
FURIN,PHOSPHO1,0,5,2,5
PARN,EIF3H,2,5,0,5
CPNE2,FSCN1,2,5,2,5
CPNE2,ATOH8,2,5,0,5
CMTM2,LST1,0,5,2,5
AKT1,PLEKHG3,0,5,2,5
FCGR2A,PRPSAP2,2,5,0,5
FCGR2A,TMEM132D,2,5,0,5
FCGR2A,RP11-295G20.2,2,5,0,5
FCGR2A,HSPA6,2,5,0,5
FCGR2A,ARL11,2,5,0,5
FCGR2A,S100A11,2,5,2,5
FCGR2A,RBM8A,2,5,0,5
FCGR2A,GLT1D1,2,5,2,5
SLC39A1,AC093673.5,0,5,2,5
LBR,MEGF9,0,5,2,5
RALB,FCGR3B,0,5,2,5
POLR2D,RP11-305E6.4,0,5,2,5
MARCHF1,MEF2C,2,5,0,5
MARCHF1,HDX,2,5,0,5
MARCHF1,RB1,2,5,0,5
MARCHF1,UACA,2,5,0,5
RNF175,TLR2,0,5,2,5
PAK1,PNPLA1,2,5,0,5
PAK1,RP11-319J24.3,2,5,0,5
PLCB3,DAGLA,2,5,0,5
FLI1,ARSB,0,5,2,5
FAM151B,C3AR1,0,5,2,5
LPCAT1,SYTL3,0,5,2,5
ZDHHC7,TMPPE,2,5,0,5
CMIP,MINK1,2,5,0,5
CMIP,BRD4,2,5,0,5
CMIP,SEMA4D,2,5,0,5
CMIP,KIAA0247,2,5,0,5
CMIP,C15orf52,2,5,0,5
BUB3,CD2,0,5,2,5
BUB3,GIMAP5,0,5,2,5
CDK19,SLC45A4,0,5,2,5
PIK3AP1,WSB2,0,5,2,5
USP16,LUC7L3,0,5,2,5
EIF4A2,IFT57,0,5,2,5
WASF2,MICAL2,0,5,2,5
WASF2,ADD1,0,5,2,5
B4GALT5,STX11,0,5,2,5
PINK1,GLUL,0,5,2,5
PINK1,NFE2,0,5,2,5
CALM3,GAS2L1,0,5,2,5
ITGB2,POR,2,5,0,5
ITGB2,FLII,2,5,0,5
ITGB2,LAMP1,2,5,0,5
ITGB2,QSOX1,2,5,2,5
ITGB2,LRPAP1,2,5,0,5
ITGB2,VAV1,2,5,0,5
ITGB2,STAT5A,2,5,0,5
WDFY3,FNDC3B,2,15,0,5
WDFY3,RNF149,2,15,2,5
WDFY3,TET2,2,15,0,5
WDFY3,HPSE,2,15,2,5
WDFY3,FCGR2A,2,15,2,5
WDFY3,MGAM,2,15,0,5
WDFY3,RP11-925D8.5,2,15,0,5
WDFY3,GUCY2C,2,15,0,5
WDFY3,SBF2,2,15,0,5
WDFY3,PLXNC1,2,15,2,5
WDFY3,UBXN2B,2,15,0,5
WDFY3,SPATA1,2,15,0,5
WDFY3,DDX60L,2,15,0,5
WDFY3,RP11-173M1.8,2,15,0,5
WDFY3,FAM126B,2,15,0,5
WDFY3,PSMG3,2,15,0,5
WDFY3,SLC12A6,2,15,0,15
WDFY3,RNF24,2,15,0,15
WDFY3,SMG7,2,15,0,5
WDFY3,ZSWIM6,2,15,0,5
WDFY3,KCNH7,2,15,0,5
WDFY3,ASPH,2,15,0,5
WDFY3,TG,2,15,0,5
WDFY3,MRVI1,2,15,3,5
RFC4,NVL,0,5,2,5
PRKCD,PSAP,0,15,2,15
CTSB,CCRL2,2,5,2,5
GKAP1,IFT81,2,5,0,5
CYBB,CD36,2,15,2,5
CYBB,KIAA1598,2,15,2,5
CYBB,IDH1,2,15,2,5
CYBB,SCPEP1,2,15,0,5
CYBB,ACER3,2,15,2,5
CYBB,CCR2,2,15,0,5
CYBB,TLR7,2,15,0,5
CYBB,PPT1,2,15,2,5
SNX20,LCP2,3,5,2,5
MLL2,CMIP,0,15,2,5
CD300C,AC079325.6,2,5,0,5
ATG16L2,CDH23,0,5,2,5
NKIRAS2,HBEGF,2,5,2,5
STAT3,CNN2,2,5,0,5
STAT3,MOB3A,2,5,0,5
STAT3,TBL1X,2,5,0,5
STAT3,TMEM140,2,5,0,5
STAT3,LMTK2,2,5,0,5
STAT3,SNX27,2,5,0,5
STAT3,PLEKHO2,2,5,0,5
STAT3,IP6K1,2,5,0,5
STAT3,PHC2,2,5,0,5
STAT3,PHLPP1,2,5,0,5
ADAM9,RP11-848P1.9,2,5,3,5
MFSD7,PSRC1,2,5,0,5
MAP2K1,ZDHHC7,0,5,2,5
HNRNPH1,NMT2,0,5,2,5
REPS2,PLXNC1,0,15,2,5
REPS2,C11orf80,0,15,2,5
MYD88,ANKDD1A,2,5,0,5
HECTD4,ITSN1,0,5,2,5
TNFRSF10C,MSRB1,0,5,2,5
XXYLT1,HIC1,2,5,0,5
KY,ARHGEF40,0,5,2,5
BASP1,SDCBP,0,5,2,5
IL17RA,HDAC4,2,15,0,5
IL17RA,TMEM127,2,15,2,5
IL17RA,PRKCD,2,15,0,15
IL17RA,VPS37B,2,15,0,5
IL17RA,ITGAM,2,15,2,5
IL17RA,ATP11A,2,15,0,5
ERN1,SYTL3,0,5,2,5
KCTD12,IL18,2,5,2,5
KCTD12,ARRDC4,2,5,0,5
KCTD12,LPAR1,2,5,0,5
C7orf41,ZNF185,4,5,2,5
RAP2B,INSIG1,2,5,3,5
RAP2B,RDH10,2,5,0,5
CSF1R,MPEG1,2,15,0,5
CSF1R,PSAP,2,15,2,15
CSF1R,CTNND1,2,15,0,5
CSF1R,SRGAP2,2,15,0,5
FAM101B,GSR,2,5,0,5
ANKFY1,CECR1,0,5,2,5
IKZF1,RP11-283I3.6,0,5,2,5
IKZF1,TRERF1,0,5,2,5
C16orf54,PLEKHG3,0,5,2,5
RXRA,TSC22D4,2,5,0,5
RXRA,SEC14L1,2,5,0,5
RXRA,ST3GAL2,2,5,0,5
RXRA,DEDD2,2,5,0,5
RXRA,GNB2,2,5,0,5
TMPPE,GLB1,0,5,2,5
C3orf62,FAM212B,3,5,2,5
C5orf43,TPMT,0,5,2,5
TECPR2,LYN,2,15,0,15
TECPR2,OPLAH,2,15,2,5
TECPR2,HFE,2,15,2,5
TECPR2,GLT1D1,2,15,2,5
TECPR2,EFHD2,2,15,2,5
TECPR2,RP11-290F20.1,2,15,0,5
IGF2R,TP53INP2,2,15,1,5
IGF2R,UBN1,2,15,0,5
IGF2R,IL6R,2,15,0,15
IGF2R,TMEM43,2,15,2,5
IGF2R,EXTL3,2,15,0,5
IGF2R,APLP2,2,15,0,5
IGF2R,SORL1,2,15,0,15
IGF2R,RP11-288H12.3,2,15,0,5
PSAP,ARHGEF11,2,15,2,5
PSAP,SORT1,2,15,2,5
PSAP,HMOX1,2,15,2,5
PSAP,CYFIP1,2,15,2,15
PSAP,SLC7A7,2,15,2,5
PSAP,DAPK1,2,15,2,5
PSAP,CDH23,2,15,2,5
TMEM184B,USP35,0,5,2,5
MT-ND1,MT-ATP6,2,5,2,5
MT-ND1,MT-ATP8,2,5,2,5
MT-ND1,ACTBP2,2,5,0,5
RP11-492E3.1,IER5L,2,5,0,5
RP11-492E3.1,RP11-65J3.1,2,5,0,5
ZNF814,CTD-2583A14.8,0,5,2,5
TBC1D8,DUSP5,2,5,1,5
TBC1D8,MS4A7,2,5,0,5
TBC1D8,CDKN1C,2,5,2,5
TBC1D8,ASPHD2,2,5,0,5
TBC1D8,NEURL,2,5,2,5
TRIM59,MAF,5,5,2,5
LTB4R,NDST1,0,5,2,5
ZSWIM8,PLCB2,0,5,2,5
ZSWIM8,ITGA5,0,5,2,5
CEBPD,DUSP1,2,5,1,5
CEBPD,CFD,2,5,2,5
CFLAR-AS1,ITGAX,0,5,2,5
C5orf58,LCP2,0,5,2,5
NFAM1,PILRA,2,15,2,5
NFAM1,MAEA,2,15,0,5
NFAM1,SLC19A1,2,15,0,15
NFAM1,C10orf54,2,15,2,15
NFAM1,YIPF3,2,15,0,5
NFAM1,PISD,2,15,2,5
NFAM1,AP5B1,2,15,2,5
LYN,FPR2,0,15,2,5
LYN,BID,0,15,2,5
LYN,HCK,0,15,2,5
RP11-283I3.6,FAM184B,2,5,2,5
ITGA2B,F13A1,2,5,2,5
ITGA2B,NRGN,2,5,2,5
ITGA2B,ITGB3,2,5,2,5
CD9,VWF,2,5,4,5
CD9,WRB,2,5,0,5
CD6,CD3E,0,5,2,5
BID,LST1,2,5,2,5
HEXB,ENC1,2,5,5,5
HEXB,PLA2G7,2,5,0,5
POLR3E,SLC26A11,0,5,2,5
CACNB1,TRIM41,2,5,0,5
POLR1A,PDCD11,0,5,2,5
LAPTM4A,SPPL2A,2,5,0,5
CYFIP1,SERPINB8,2,15,5,5
CYFIP1,INSR,2,15,2,5
CYFIP1,ADRBK2,2,15,0,15
CYFIP1,ZFHX3,2,15,0,5
CYFIP1,SLC9A7P1,2,15,0,5
CYFIP1,CTNNA1,2,15,2,5
CYFIP1,ARHGAP31,2,15,0,5
CYFIP1,TNS3,2,15,0,5
CYFIP1,FAM129B,2,15,2,5
CYFIP1,CCDC149,2,15,0,5
TCF7,VIPR1,0,5,2,5
TCF7,MAN1C1,0,5,2,5
TCF7,ATP10A,0,5,2,5
HUWE1,SPTAN1,0,5,2,5
RPL6,KLRB1,0,5,2,5
ICAM1,SORT1,2,5,2,5
ICAM1,TMEM185B,2,5,0,5
SEL1L3,COCH,0,5,2,5
CEBPE,CD24P4,0,5,2,5
UPRT,SEC22A,0,5,2,5
PTGS1,VCL,4,5,2,5
PTGS1,C6orf25,4,5,2,5
PPM1F,LL22NC03-86G7.1,2,5,0,5
ZC3H14,NVL,3,5,2,5
ZC3H14,ZNF512,3,5,2,5
SAMHD1,C20orf118,2,5,0,5
SAMHD1,SERPINB9,2,5,0,5
SAMHD1,MYOF,2,5,2,5
PGK1,CCNY,0,5,2,5
TSC22D1,C21orf7,0,5,2,5
MEFV,IRF1,2,5,1,5
MEFV,CXCL16,2,5,2,5
MEFV,SLC15A3,2,5,0,5
ZFP106,PTPRE,0,15,2,15
ZFP106,GNS,0,15,2,5
ZFP106,PLXDC2,0,15,2,5
ZFP106,PGD,0,15,2,5
EIF3E,GIMAP2,0,5,2,5
TNFRSF10A,NMT2,0,5,2,5
CPVL,PDK4,2,5,0,5
PTPN6,ANPEP,0,5,2,5
PTPN6,ITGAM,0,5,2,5
SPARC,PTGS1,2,5,4,5
SPARC,RP3-370M22.8,2,5,4,5
ACAP2,PTGS2,0,5,2,5
QSOX1,CLTCL1,2,5,2,5
MAN1C1,ZNF835,2,5,0,5
MAN1C1,EPHA1,2,5,0,5
MAN1C1,PCYOX1L,2,5,0,5
PTBP3,TOR1AIP2,0,5,2,5
PTBP3,CD302,0,5,2,5
TRIM32,LAX1,2,5,0,5
TRIM32,FBXO10,2,5,0,5
FAM53C,SIRPA,0,5,2,5
SCPEP1,MGST2,0,5,2,5
GLIPR2,ATP6V0B,2,15,0,5
GLIPR2,ARPC4,2,15,0,5
GLIPR2,PGK1,2,15,0,5
GLIPR2,PLBD1,2,15,2,5
GLIPR2,DGAT2,2,15,3,5
GLIPR2,RILPL2,2,15,0,5
GLIPR2,PSMB3,2,15,0,5
LRP1,PLXND1,2,15,2,5
LRP1,STAB1,2,15,2,5
LRP1,CD4,2,15,2,5
LRP1,ARRB1,2,15,2,5
LRP1,TMEM106A,2,15,0,5
LRP1,TTYH3,2,15,2,5
LRP1,SOGA1,2,15,0,5
LRP1,CSF1R,2,15,2,15
LRP1,INPPL1,2,15,0,5
LRP1,ZNF385A,2,15,2,5
LRP1,PLXNB2,2,15,2,15
LRP1,TPP1,2,15,2,5
FAM210B,ADIPOR1,2,5,2,5
FAM210B,CHPT1,2,5,0,5
FAM210B,VTI1B,2,5,0,5
FAM210B,FAM104A,2,5,3,5
FAM210B,RPIA,2,5,0,5
FAM210B,MBNL3,2,5,0,5
FAM210B,CSDA,2,5,0,5
FAM210B,STRADB,2,5,0,5
FFAR2,IL1RN,3,5,2,5
WDR60,PARN,0,5,2,5
GNG11,PPBP,4,5,2,5
SIGLEC9,LILRA3,2,5,2,5
GLT25D1,SHROOM1,0,5,2,5
LGALS3,IFT52,2,5,0,5
SYT11,ATP2B4,2,5,0,5
HAVCR2,CATSPER1,2,5,0,5
RC3H1,TOR1AIP2,0,5,2,5
PLXNC1,ACPP,2,5,2,5
PLXNC1,PPP4R1,2,5,0,5
PLXNC1,USP32,2,5,0,5
PLXNC1,ARMCX6,2,5,0,5
SDCBP,PICALM,2,5,0,5
SDCBP,RGS2,2,5,1,5
SDCBP,MOSPD2,2,5,0,5
SDCBP,NRBF2,2,5,0,5
SDCBP,TMEM55A,2,5,4,5
SDCBP,PJA2,2,5,0,5
SDCBP,SKAP2,2,5,0,5
GIT2,ATG7,0,5,2,5
GIT2,LCP2,0,5,2,5
TMBIM6,PLEKHB2,0,5,2,5
BCL2A1,S100A8,0,5,2,5
HDGF,H1F0,0,5,2,5
SNX27,NOD2,0,5,2,5
ILF2,NCBP2,0,5,2,5
CTDSPL,RP11-64K12.2,4,5,2,5
CTDSPL,ITGB3,4,5,2,5
SLC25A26,RP5-1014C4.3,0,5,2,5
LIMD1,TSPAN3,0,5,2,5
PDCD11,LAS1L,2,5,3,5
PDCD11,HEXA,2,5,0,5
PDCD11,DDX27,2,5,0,5
PDCD11,DNMT1,2,5,0,5
PDCD11,SART3,2,5,0,5
PDCD11,NOP56,2,5,0,5
PDCD11,PRDM15,2,5,0,5
PDCD11,SSRP1,2,5,0,5
PDCD11,NPR2,2,5,0,5
IPMK,UBE2D1,0,5,2,5
PID1,SASH1,2,5,2,5
PID1,RP11-347C12.2,2,5,0,5
LY96,TOPORS-AS1,2,5,0,5
LY96,TMEM59,2,5,0,5
LY96,C6orf106,2,5,0,5
SLC7A7,MAFB,2,5,2,5
SLC7A7,STS,2,5,0,5
SLC7A7,TMEM63C,2,5,0,5
FZD1,STARD8,2,5,2,5
FZD1,MAFB,2,5,2,5
ETS2,CTD-2313J17.5,2,5,0,5
PAFAH2,ID2,0,5,2,5
EPB41,MPP1,0,5,2,5
IFNGR2,BST1,0,5,2,5
IFNGR2,QPCT,0,5,2,5
RAVER2,PLCB1,0,5,2,5
FCGR3B,FCGR3A,2,5,2,5
FCGR3B,HSPA7,2,5,0,5
FCGR3B,FCGR2C,2,5,0,5
PDLIM5,PLEKHB2,0,5,2,5
RPRD2,TOB1,0,5,2,5
CTSS,FGL2,2,5,2,5
CTSS,RRAGD,2,5,2,5
DUSP7,XXYLT1,3,5,2,5
PIGO,FAM222B,0,5,2,5
INPPL1,ZNF710,0,5,2,5
INPPL1,PLCB3,0,5,2,5
MAPK7,RNF215,2,5,0,5
MAPK7,TMEM150A,2,5,0,5
NDEL1,GPR77,0,5,2,5
RHOH,MTA3,0,5,2,5
RAB31,CYBRD1,2,5,2,5
SDPR,CLU,2,5,2,5
SDPR,RP11-234K19.2,2,5,4,5
SDPR,HGD,2,5,4,5
SDPR,WDR11-AS1,2,5,0,5
P2RY12,TNFSF4,0,5,2,5
ITGAM,KDM3B,2,5,0,5
ITGAM,GBA,2,5,0,5
ITGAM,CUX1,2,5,0,5
HNRNPA3,TIAL1,0,5,2,5
USP32,SLC40A1,0,5,2,5
SLC19A1,PPM1F,0,15,2,5
SLC19A1,MBOAT7,0,15,2,15
SLC19A1,SLC16A3,0,15,2,5
SLC19A1,ZNF467,0,15,2,5
SLC19A1,LPPR2,0,15,2,5
SLC19A1,RARA,0,15,2,15
PHOSPHO1,C22orf25,2,5,0,5
PHOSPHO1,R3HDM4,2,5,4,5
PHOSPHO1,MPST,2,5,0,5
SELP,NT5M,2,5,4,5
CTDSP2,NDST1,0,5,2,5
CD163,MMP14,2,5,2,5
CD163,DZIP1L,2,5,0,5
CD163,NUDT16,2,5,2,5
CD163,FLT3,2,5,2,5
RCC2,VHL,0,5,2,5
GIMAP7,USP32,2,5,0,5
GIMAP7,FXR1,2,5,0,5
GIMAP7,RP11-5N23.2,2,5,0,5
AATK,BAIAP2,0,5,2,5
CEP57L1,FANCL,0,5,2,5
C22orf25,ROGDI,0,5,2,5
C22orf25,CTSB,0,5,2,5
UBE2G2,TNFSF8,0,5,2,5
UBE2G2,GIMAP1,0,5,2,5
HN1,GLIPR2,0,15,2,15
HN1,NCF2,0,15,2,15
RP4-564F22.2,RNF207,0,5,2,5
C5AR1,RAB3D,2,15,2,5
C5AR1,OAZ2,2,15,0,5
C5AR1,FAM53C,2,15,0,5
C5AR1,NUAK2,2,15,0,5
C5AR1,RNF24,2,15,0,15
C5AR1,CDC42EP2,2,15,2,5
C5AR1,GAB2,2,15,0,5
C5AR1,ZNF746,2,15,0,5
SZT2,C2CD2L,0,5,2,5
MT-CYB,MT-ND4L,2,5,0,5
NEU1,TNFAIP8L2,0,5,2,5
NEU1,KLHDC8B,0,5,2,5
GIMAP1,C19orf12,2,5,0,5
GIMAP1,ATP10A,2,5,2,5
UBXN2B,LPCAT2,0,5,2,5
AP001053.11,KLF4,2,15,2,5
AP001053.11,MS4A7,2,15,0,5
AP001053.11,CARD9,2,15,2,5
AP001053.11,TNFSF13,2,15,2,5
AP001053.11,CD300C,2,15,2,5
AP001053.11,MTMR11,2,15,2,5
AP001053.11,SLC27A3,2,15,0,5
AP001053.11,STAC3,2,15,0,5
AP001053.11,RASSF4,2,15,2,5
AP001053.11,CD86,2,15,2,5
AP001053.11,RP11-1055B8.4,2,15,0,5
RP5-1086K13.1,GPX3,0,5,2,5
HSBP1,FAM32A,2,5,0,5
HSBP1,CALM2,2,5,0,5
KCTD7,IPP,0,5,2,5
RP11-213H15.3,AMICA1,3,5,2,5
RP11-213H15.3,CSF3R,3,5,2,5
RP11-94L15.2,IKZF3,2,5,0,5
RP11-94L15.2,PPP1R16B,2,5,0,5
RP11-94L15.2,RP11-367J7.3,2,5,0,5
PRKAR2B,LIMS1,2,5,4,5
PRKAR2B,GNG11,2,5,4,5
PRKAR2B,PGRMC1,2,5,2,5
PRKAR2B,MMRN1,2,5,0,5
PRKAR2B,ELOVL7,2,5,4,5
PRKAR2B,CABP5,2,5,0,5
PRKAR2B,SLC6A4,2,5,0,5
PRKAR2B,PARD3,2,5,0,5
PRKAR2B,C12orf39,2,5,0,5
PLEKHG6,PLK3,0,5,2,5
ALOX5,HCK,0,5,2,5
MTMR11,CTSH,2,5,0,5
SLC11A1,COL18A1,2,5,0,5
HGF,SMPDL3A,0,5,2,5
GRN,SLC6A12,2,5,3,5
GRN,SECTM1,2,5,2,5
GRN,HOMER3,2,5,0,5
CTNNA1,FRMD4B,2,5,0,5
MYLK,TAL1,2,5,0,5
MYLK,RUFY1,2,5,4,5
MYLK,P2RY1,2,5,0,5
PRKACA,PVRL1,2,5,2,5
PRKACA,HPCAL1,2,5,0,5
ACER3,TBC1D12,2,5,0,5
ITGB5,F13A1,2,5,2,5
ITGB5,RHOBTB1,2,5,4,5
ITGB5,CTDSPL,2,5,4,5
ITGB5,LTBP1,2,5,4,5
BCKDHB,MSANTD2,0,5,2,5
HAL,GABARAPL1,2,5,3,5
HAL,SVIL,2,5,2,5
CTTN,MYLK,2,5,2,5
IRAK3,VCAN,2,15,2,15
IRAK3,RNF144B,2,15,0,5
IRAK3,FGD4,2,15,2,5
IRAK3,RALGAPA2,2,15,0,5
IRAK3,RBMS1P1,2,15,0,5
IRAK3,RP11-1319K7.1,2,15,0,5
AARS,TM6SF1,5,5,2,5
DPYSL2,DUSP10,2,15,1,5
DPYSL2,YWHAG,2,15,0,5
DPYSL2,CYFIP1,2,15,2,15
DPYSL2,CAMK1,2,15,2,5
DPYSL2,S100A10,2,15,0,5
DPYSL2,SETD7,2,15,0,5
DPYSL2,SUSD1,2,15,0,5
TBC1D2,CD33,2,5,2,5
TBC1D2,TOR4A,2,5,0,5
TBC1D2,PPM1M,2,5,0,5
CSF2RB,ICAM1,0,5,2,5
PSMC6,LPAR6,0,5,2,5
TUBB1,ARHGAP6,2,15,4,5
TUBB1,GNAZ,2,15,4,5
TUBB1,THBS1,2,15,2,5
TUBB1,CALM3,2,15,0,5
TUBB1,C7orf41,2,15,4,5
TUBB1,ITGA2B,2,15,2,5
TUBB1,CD9,2,15,2,5
TUBB1,SPARC,2,15,2,5
TUBB1,SELP,2,15,2,5
TUBB1,ITGB5,2,15,2,5
TUBB1,CTTN,2,15,2,5
TUBB1,SMOX,2,15,4,5
TUBB1,PGRMC1,2,15,2,5
TUBB1,CLU,2,15,2,5
TUBB1,PCSK6,2,15,2,5
TUBB1,TREML1,2,15,4,5
TUBB1,GP9,2,15,4,5
TUBB1,PTCRA,2,15,4,5
TUBB1,SEPTIN5,2,15,4,5
TUBB1,PEAR1,2,15,4,5
TUBB1,SH3BGRL2,2,15,2,5
TUBB1,RP11-501J20.5,2,15,4,5
TUBB1,LY6G6E,2,15,0,5
TUBB1,C1orf198,2,15,2,5
TUBB1,ACRBP,2,15,2,5
TUBB1,KIFC3,2,15,0,5
TUBB1,TPM4,2,15,3,5
TUBB1,TUBA1C,2,15,3,5
TUBB1,CLDN5,2,15,0,5
TUBB1,STON2,2,15,0,5
HCK,CSRNP1,2,5,1,5
HCK,ETS2,2,5,2,5
HCK,SPI1,2,5,0,5
HCK,PRELID1,2,5,0,5
PGRMC1,MMD,2,5,4,5
PGRMC1,AP003068.23,2,5,4,5
AQP9,ACSL1,2,15,2,5
AQP9,NFIL3,2,15,2,5
AQP9,SELL,2,15,0,5
AQP9,STEAP4,2,15,0,5
AQP9,NAMPTL,2,15,3,5
FCGRT,ATP6V0B,2,15,0,5
FCGRT,CFP,2,15,2,5
FCGRT,GPR77,2,15,2,5
FCGRT,LILRA2,2,15,2,5
FCGRT,PLIN3,2,15,0,5
FCGRT,IMPA2,2,15,2,5
FCGRT,CNPY3,2,15,0,5
FCGRT,CD93,2,15,2,5
FCGRT,FES,2,15,2,5
FCGRT,RAB36,2,15,3,5
NCF2,ANKRD13A,2,15,0,5
NCF2,SGK1,2,15,2,5
NCF2,EIF2C4,2,15,0,5
NCF2,FPR1,2,15,2,5
NCF2,PTAFR,2,15,2,5
NCF2,NPL,2,15,2,5
NCF2,RNF130,2,15,2,5
NCF2,RTFDC1,2,15,0,5
GBP1,GBP2,2,5,2,5
GBP1,TRIM69,2,5,0,5
GBP1,PSTPIP2,2,5,2,5
GBP1,STAT1,2,5,0,5
GBP1,GBP5,2,5,0,5
RPS6KA1,TNFRSF1B,0,15,2,5
RPS6KA1,KIAA0513,0,15,2,5
RPS6KA1,MEFV,0,15,2,5
RPS6KA1,NINJ1,0,15,2,5
RPS6KA1,METRNL,0,15,2,5
CLU,GP6,2,5,0,5
CLU,MAP1A,2,5,4,5
CLU,PCYT1B,2,5,0,5
PLBD1,NLRC4,2,5,2,5
PLBD1,SQRDL,2,5,0,5
TNFSF10,CXorf21,2,5,3,5
TNFSF10,DAPP1,2,5,4,5
TNFSF10,CARD6,2,5,2,5
EEPD1,SULF2,2,5,2,5
EEPD1,FHL3,2,5,2,5
EEPD1,INPP5A,2,5,3,5
EEPD1,RP11-703I16.1,2,5,0,5
NFE2,UBAP1,2,5,0,5
RREB1,RP11-534G20.3,0,5,2,5
CFP,CPNE2,2,5,2,5
CFP,OGFR,2,5,0,5
CFP,TKT,2,5,2,5
TULP4,CTC-444N24.11,0,5,2,5
TULP4,ZNF544,0,5,2,5
EXOSC2,AP4S1,0,5,2,5
EXOSC2,C12orf65,0,5,2,5
TRIM22,GBP1,0,5,2,5
MORC2,TIAM1,0,5,2,5
CAMK1,CKB,2,5,0,5
GPR77,NLRP12,2,5,2,5
GPR77,CHST15,2,5,0,5
GPR77,CTD-3023J11.2,2,5,0,5
TMEM165,CNIH4,0,5,2,5
ETS1,ITK,0,5,2,5
ETS1,BCL11B,0,5,2,5
ETS1,IL7R,0,5,2,5
PHF21A,EIF4E3,0,5,2,5
TESPA1,PRKCA,0,5,2,5
AOAH,AOAH-IT1,2,5,0,5
TEX10,AGBL3,0,5,2,5
FBXO11,RTN4,5,5,2,5
STAT4,ITK,0,5,2,5
STAT4,GIMAP6,0,5,2,5
SEMA7A,MGAT3,0,5,2,5
LARP1B,GKAP1,0,5,2,5
FTO,AF131215.2,0,5,2,5
CDR2,SEPTIN6,5,5,2,5
SECTM1,JUNB,2,5,2,5
SECTM1,IFITM3,2,5,2,5
SECTM1,SCARF1,2,5,2,5
ADAMTSL4,CTD-3088G3.8,2,5,0,5
ADAMTSL4,RP11-54A4.2,2,5,0,5
ADAMTSL4,MIR4257,2,5,0,5
ADAMTSL4,Metazoa_SRP,2,5,0,5
ADAMTSL4,C1orf138,2,5,0,5
FAM63A,MYADM,2,5,2,5
FAM63A,ANXA9,2,5,0,5
SFXN5,PARVG,2,5,0,5
SFXN5,ORAI3,2,5,0,5
SFXN5,CD300LB,2,5,2,5
SFXN5,C19orf38,2,5,2,5
SFXN5,LRP3,2,5,0,5
DIS3L2,SEPTIN6,0,5,2,5
DOK3,RP11-290F20.3,0,5,2,5
DYNLT1,CNIH4,0,5,2,5
ZNF185,LIPC,2,5,0,5
DOCK5,RAF1,2,15,0,15
DOCK5,ARHGAP26,2,15,2,15
DOCK5,NDEL1,2,15,0,5
DOCK5,RP11-213H15.3,2,15,3,5
DOCK5,FAM20A,2,15,3,5
DOCK5,EPHB1,2,15,0,5
DOCK5,TBXAS1,2,15,2,5
DOCK5,N4BP1,2,15,3,5
DOCK5,RP1-60N8.1,2,15,0,5
FRG1B,FRG1,2,5,0,5
RGS18,RP11-124N14.4,2,5,0,5
RGS18,YPEL5,2,5,1,5
RGS18,ANGPT1,2,5,0,5
RGS18,RAB11A,2,5,0,5
KCTD15,PPP1R26,2,5,2,5
NRGN,LAMTOR1,2,5,0,5
LARP1,AGPAT3,0,5,2,5
C21orf7,FRMD3,2,5,4,5
EPB49,LYL1,2,5,0,5
EPB49,FKBP8,2,5,0,5
EPB49,SLC6A8,2,5,0,5
EPB49,GATA1,2,5,0,5
EPB49,RNF10,2,5,3,5
EPB49,KEL,2,5,0,5
EPB49,SELENBP1,2,5,0,5
EPB49,PDZK1IP1,2,5,0,5
CSRP1,KCTD15,0,5,2,5
ZYX,PTPN6,2,5,0,5
ZYX,RP11-750H9.5,2,5,2,5
MPZL3,MPZL2,2,5,0,5
MPZL3,TMEM45B,2,5,0,5
MPZL3,HECW2,2,5,0,5
AC004166.7,PMS2P5,0,5,2,5
ZNF385A,IQSEC2,2,5,2,5
ZNF385A,MARVELD1,2,5,2,5
ZNF385A,SIGLEC22P,2,5,0,5
CXCL16,ZMYND15,2,5,2,5
S100A11,IFITM2,2,5,0,5
S100A11,TYROBP,2,5,2,5
PF4,PPBP,2,5,2,5
PF4,PF4V1,2,5,0,5
ELOVL7,CA2,4,5,2,5
TP53I13,PTGER2,0,5,2,5
PTAFR,RAB11FIP1,2,5,0,5
PTAFR,NHSL2,2,5,0,5
PTAFR,THEMIS2,2,5,0,5
TOR1AIP2,STX6,2,5,3,5
TOR1AIP2,SEC24D,2,5,0,5
TOR1AIP2,RP11-666N19.1,2,5,0,5
C5orf4,E2F2,2,5,0,5
RASGRP4,WAS,2,5,0,5
RASGRP4,RP11-764K9.2,2,5,0,5
RASGRP4,PDLIM7,2,5,0,5
CLEC12A,CLEC1B,2,5,4,5
CLEC12A,AC091814.3,2,5,4,5
CLEC12A,CLEC12B,2,5,0,5
SNX33,KCTD15,2,5,2,5
LRRC25,TNFRSF8,2,5,2,5
GALNT11,RP11-534G20.3,3,5,2,5
HIST1H2AC,SLC40A1,2,5,2,5
HIST1H2AC,HIST2H2BE,2,5,4,5
ZNF530,ZNF211,2,5,0,5
ZNF530,ZNF329,2,5,0,5
TLR5,MLTK,2,5,2,5
TLR5,FCER1G,2,5,2,5
TLR5,GABRR2,2,5,0,5
C2orf88,TNFSF4,4,5,2,5
LRRK2,NAMPT,0,15,2,15
H1F0,GCAT,2,5,0,5
TUBB,LY96,0,5,2,5
PLXNB2,FGD2,2,15,0,15
PLXNB2,KIAA0930,2,15,0,5
PLXNB2,AP001053.11,2,15,2,15
PLXNB2,TAGLN,2,15,0,5
PLXNB2,PKM,2,15,0,5
PLXNB2,NID1,2,15,2,5
PLXNB2,VENTX,2,15,2,5
PLXNB2,LOXL3,2,15,2,5
PLXNB2,DLG4,2,15,2,5
PLXNB2,NCKAP5L,2,15,2,5
PLXNB2,RUSC2,2,15,0,5
PLXNB2,KCNC3,2,15,0,5
SERPINA1,GNAI2,2,15,0,5
SERPINA1,FLOT2,2,15,0,5
SERPINA1,DYSF,2,15,2,15
SERPINA1,MYD88,2,15,2,5
SERPINA1,LILRB2,2,15,2,5
FAM212B,SLC11A2,2,5,0,5
SIRPA,TIMP2,2,5,2,5
SIRPA,MAML3,2,5,0,5
SIRPA,COTL1,2,5,0,5
SIRPA,CTD-2530H12.2,2,5,0,5
SH3BGRL2,SDPR,2,5,2,5
SH3BGRL2,PRKAR2B,2,5,2,5
SH3BGRL2,GUCY1B3,2,5,4,5
SH3BGRL2,PF4,2,5,2,5
SH3BGRL2,CMTM5,2,5,4,5
SH3BGRL2,BEND2,2,5,4,5
SH3BGRL2,CALD1,2,5,0,5
MT-ND2,MT-ND6,2,5,3,5
MT-ND2,MT-ND5,2,5,0,5
MT-ND2,MT-ND4,2,5,2,5
MT-ND2,MT-ND1,2,5,2,5
CAPZA2,SRGN,0,5,2,5
CAPZA2,RGS18,0,5,2,5
MFAP3L,MYLK,4,5,2,5
MFAP3L,DNM3,4,5,2,5
NAGA,CECR1,2,15,2,5
NAGA,TGFBI,2,15,2,15
NAGA,EMILIN2,2,15,2,5
NAGA,CNDP2,2,15,3,5
NAGA,ADAM15,2,15,2,5
NAGA,SNX30,2,15,0,5
NAGA,SLC37A2,2,15,0,5
NAGA,ITPRIPL2,2,15,0,5
NAGA,DPYSL2,2,15,2,15
NAGA,GSTP1,2,15,0,5
NAGA,PPARGC1B,2,15,0,5
NAGA,SCIMP,2,15,0,5
NAGA,GPBAR1,2,15,2,5
NAGA,AKR1A1,2,15,0,5
NAGA,ARHGEF10L,2,15,2,5
NAGA,ADPRH,2,15,0,5
J01415.23,HBB,4,5,2,5
C19orf38,ZNF804A,2,5,0,5
ZNF469,PPP1R26,0,5,2,5
MAPKAPK5-AS1,CCDC104,0,5,2,5
LILRA2,LILRA1,2,5,2,5
LILRA2,NPIPP1,2,5,0,5
LILRA2,CTB-83J4.2,2,5,0,5
KRT8P33,CTD-2542C24.1,0,5,2,5
ITGB3,ENDOD1,2,5,0,5
ITGB3,SDC4,2,5,0,5
ITGB3,MYL9,2,5,4,5
LINC00657,RAP2B,0,5,2,5
RP11-196G18.22,BCL6,2,5,3,5
RP11-196G18.22,MGEA5,2,5,0,5
RP11-196G18.22,AMN1,2,5,0,5
SLC45A4,SFN,2,5,0,5
SLC45A4,ZNF746,2,5,0,5
SLC45A4,UNKL,2,5,0,5
RRAGD,SUPT4H1,2,5,0,5
RELT,ZYX,0,5,2,5
RELT,AGTRAP,0,5,2,5
MYO9B,PRKACA,0,5,2,5
ZNF516,OSCAR,0,5,2,5
ZNF516,NACC2,0,5,2,5
ZNF516,SFXN5,0,5,2,5
NKAP,STK33,0,5,2,5
BCKDK,ZBTB47,0,5,2,5
STK3,NAIP,2,5,2,5
STK3,LACTB,2,5,0,5
TMEM176B,TMEM176A,2,5,0,5
C10orf54,TFEB,2,15,0,5
C10orf54,GPR108,2,15,0,5
C10orf54,CORO1A,2,15,0,5
C10orf54,ARID3A,2,15,0,15
C10orf54,INHBB,2,15,0,5
C10orf54,ARID5A,2,15,0,5
C10orf54,GRN,2,15,2,5
C10orf54,RPS6KA1,2,15,0,15
C10orf54,RGS14,2,15,0,5
C10orf54,LRRC25,2,15,2,5
C10orf54,DHX29,2,15,0,5
C10orf54,BCKDK,2,15,0,5
C10orf54,TBXAS1,2,15,2,5
C10orf54,SLC43A2,2,15,2,15
FAAH,Metazoa_SRP,2,5,0,5
TMED5,SLC30A1,0,5,2,5
ALDH6A1,CD101,0,5,2,5
MBOAT7,IL17RA,2,15,2,15
MBOAT7,RASGRP4,2,15,2,5
MBOAT7,ADAM8,2,15,0,5
MBOAT7,CSF3R,2,15,2,5
MBOAT7,ARRB2,2,15,2,5
MBOAT7,DENND3,2,15,0,5
MBOAT7,TLE3,2,15,0,5
CCDC93,RP11-566E18.3,0,5,2,5
VASP,PGD,0,5,2,5
VASP,GRB2,0,5,2,5
RRBP1,ITGB2,0,5,2,5
RNF6,GIMAP4,0,5,2,5
NINJ1,CTB-41I6.2,2,5,0,5
NINJ1,CTD-3092A11.1,2,5,0,5
NINJ1,SUGT1,2,5,0,5
SLC16A3,JUNB,2,5,2,5
SLC16A3,CIB3,2,5,0,5
SLC16A3,LTB4R,2,5,0,5
SLC16A3,BRI3,2,5,0,5
DPP9,PDE4A,0,5,2,5
MYO1F,LASP1,2,15,0,5
MYO1F,PTPRE,2,15,2,15
MYO1F,PBX2,2,15,0,5
MYO1F,VDR,2,15,0,5
MYO1F,PREX1,2,15,2,5
MYO1F,HELQ,2,15,0,5
MYO1F,MAPK3,2,15,0,5
MYO1F,C5AR1,2,15,2,15
MYO1F,HSPA1A,2,15,0,5
MYO1F,ALOX5,2,15,0,5
MYO1F,ECE1,2,15,0,5
MYO1F,RPS6KA1,2,15,0,15
MYO1F,FAM63A,2,15,2,5
MYO1F,CANT1,2,15,0,5
MYO1F,STK40,2,15,0,5
MYO1F,ELL,2,15,0,5
MYO1F,ITGA5,2,15,2,5
MYO1F,C11orf58,2,15,0,5
MYO1F,PRKD2,2,15,0,5
SMYD2,TRMT10B,0,5,2,5
SMYD2,GIMAP5,0,5,2,5
CAMK2G,EEPD1,0,5,2,5
CCR5,CXCR6,2,5,5,5
CCL5,F2R,2,5,0,5
CCL5,C12orf75,2,5,0,5
C15orf39,ZNF710,0,5,2,5
HOPX,ID2,0,5,2,5
BCL2L1,OSBP2,0,5,2,5
PLK3,BTBD19,2,5,3,5
RHOG,MYD88,2,5,2,5
AC092535.1,OSBPL5,0,5,2,5
FMNL1,VPS37C,0,5,2,5
MSL1,TREM1,0,15,2,5
MSL1,MCL1,0,15,2,5
MSL1,AQP9,0,15,2,15
ZNF335,MAPK7,0,5,2,5
GPX3,RP11-361D15.1,2,5,3,5
VDAC1,GIMAP8,0,5,2,5
N4BP2L2,HNRNPH3,0,5,2,5
CD44,RP1-68D18.2,2,5,0,5
TBX21,PRF1,0,5,2,5
TBX21,CX3CR1,0,5,2,5
APBB1IP,PLEK,0,5,2,5
GSTP1,HMOX1,0,5,2,5
GSTP1,NAAA,0,5,2,5
GSTP1,RTN1,0,5,2,5
ADD1,HIPK2,2,5,0,5
ADD1,GALNT10,2,5,3,5
RFX2,MOK,2,5,0,5
GZMB,GNLY,0,5,2,5
UBL4A,FAH,3,5,2,5
RP2,TLR8,0,15,2,5
RP2,DRAM1,0,15,2,5
GGA2,TIMELESS,0,5,2,5
SIGLEC8,EMR1,0,5,2,5
ARPC3,AIF1,0,5,2,5
MCM3,PDCD11,0,5,2,5
ZBTB47,GALK1,2,5,0,5
KCNC4,PLCD4,0,5,2,5
PEPD,FUCA1,0,5,2,5
IQSEC2,NRP2,2,5,0,5
GOT2,NAT10,0,5,2,5
NUP210,SMARCD1,0,5,2,5
NUMB,P2RY13,0,5,2,5
NUMB,VMP1,0,5,2,5
PHC2,S100A11,0,5,2,5
NCOA2,ATP6V1B2,0,15,2,15
UBR3,NGLY1,0,5,2,5
MSI2,C12orf65,0,5,2,5
ATP5G3,PQLC3,0,5,2,5
PPARGC1B,FAM20C,0,5,2,5
PPARGC1B,SRD5A1,0,5,2,5
TRAPPC10,VPS26B,0,5,2,5
ZNF66P,CTD-2542C24.1,0,5,2,5
YDJC,GIMAP1,0,5,2,5
LEMD2,SUMF1,0,5,2,5
CXCR1,CXCR2,0,5,2,5
RBM47,FCAR,0,5,2,5
SNRK,CRISPLD2,0,5,2,5
TPP1,PPP1R9B,2,5,0,5
TPP1,CORO1B,2,5,0,5
KIAA0232,ABHD5,0,5,2,5
SULT1B1,PLBD1,0,5,2,5
SLCO4C1,PAM,0,5,2,5
THBD,CD93,0,5,2,5
GPBAR1,DES,2,5,0,5
ANXA2,BLVRA,0,5,2,5
C1orf186,MGAT3,0,5,2,5
TBC1D9B,PLXND1,0,5,2,5
IPP,CTD-2006C1.12,2,5,0,5
MT-CO2,MT-ATP6,0,5,2,5
MT-CO1,HIST1H2BK,2,5,4,5
CNEP1R1,RTN4,0,5,2,5
LEF1-AS1,MAN1C1,0,5,2,5
LINC00481,FAM45A,0,5,2,5
MLF2,FAM101B,0,5,2,5
RABL6,FAAH,0,5,2,5
CCDC88A,MARCHF1,0,5,2,5
CCDC88A,CPNE8,0,5,2,5
ANXA11,TBC1D2,0,5,2,5
SIPA1,RAB43,0,5,2,5
RAB40C,NACC2,0,5,2,5
SEPTIN1,ACOT2,0,5,2,5
SEPTIN1,ZNF530,0,5,2,5
UBXN6,RILP,0,5,2,5
CNPY3,SLC16A5,0,5,2,5
HMG20B,PTGIR,0,5,2,5
GTF3C4,GOLM1,0,5,2,5
CPEB4,NPL,0,5,2,5
C17orf70,AP001053.11,0,15,2,15
TRIM28,SLC27A1,0,5,2,5
WRN,PARN,0,5,2,5
CDC34,RILP,0,5,2,5
TEX264,GIMAP6,0,5,2,5
ALDOA,CERS2,0,5,2,5
PIAS1,PTPLAD2,0,5,2,5
MAN2B1,ARRB1,0,5,2,5
RP11-373L24.1,VAV3-AS1,0,5,2,5
IDH3B,P2RY13,0,5,2,5
DNAJB14,DENND1A,0,5,2,5
MATK,RAP2B,0,5,2,5
NCBP1,IRF2BP2,0,5,2,5
TRPM7,EED,0,5,2,5
TRIM25,AP5B1,0,5,2,5
SLC12A6,ARHGAP26,0,15,2,15
ARFGEF2,ULK2,0,5,2,5
CBL,SIRPB1,0,5,2,5
CBL,SVIL,0,5,2,5
ANKRD13D,SLC16A5,0,5,2,5
RP11-137L10.6,MTA3,0,5,2,5
ADAM8,EMR3,0,5,2,5
TALDO1,NPTN,0,5,2,5
SP1,RHOG,0,5,2,5
LAMTOR1,TIMP1,0,5,2,5
ZNF510,ZNF30,0,5,2,5
RNH1,FAM129B,0,5,2,5
RNH1,TSPAN4,0,5,2,5
AC007620.3,TYMP,0,5,2,5
TRMT13,FRA10AC1,0,5,2,5
TRMT13,ARL14EP,0,5,2,5
DGAT2,PTTG1IP,3,5,2,5
CR1,F5,0,5,2,5
CR1,TMCO3,0,5,2,5
ZFC3H1,GALC,0,5,2,5
STRBP,C11orf80,0,5,2,5
URB1,UBIAD1,0,5,2,5
BANK1,BLNK,4,5,2,5
IMPDH1,RP11-492E3.1,0,5,2,5
DCAF17,PFKFB4,0,5,2,5
ABLIM1,PRKCA,0,5,2,5
RBL1,SIRT5,0,5,2,5
ACADSB,ZNF544,0,5,2,5
CTSD,CD14,0,5,2,5
CTSD,ALDH3B1,0,5,2,5
RYR1,SDC3,0,5,2,5
TLR7,MARCHF1,0,5,2,5
RBPJ,CPPED1,0,5,2,5
ACBD5,CTSC,0,5,2,5
RNF24,SERPINA1,0,15,2,15
LSP1,CFP,0,15,2,5
CA5B,PTGER2,3,5,2,5
REXO4,RP11-398K22.12,0,5,2,5
DAZAP1,ANO8,0,5,2,5
CFL1,TNFSF13,0,5,2,5
PGAP2,GPX3,0,5,2,5
CEP68,FAM184B,0,5,2,5
PTCD3,FTH1,0,5,2,5
PTCD3,TIMM21,0,5,2,5
PTCD3,MTO1,0,5,2,5
OSMR,RNF19B,0,5,2,5
PPP1R3B,ETS2,0,5,2,5
COX7A2,TNFRSF1B,0,5,2,5
GK5,CD244,0,5,2,5
THOC1,HMGN1,0,5,2,5
OTUD3,CDC16,0,5,2,5
CEPT1,MTERFD1,0,5,2,5
KIF27,RPGRIP1,0,5,2,5
TTC14,CBR4,0,5,2,5
ZNF776,ZNF586,0,5,2,5
ALPK1,LPCAT2,0,5,2,5
WHSC1L1,IPCEF1,0,5,2,5
NLRC3,PRKCH,0,5,2,5
NLRC3,TRIM32,0,5,2,5
BOD1L1,RPGRIP1,0,5,2,5
MBNL3,RNF11,0,5,2,5
SLC41A1,SPDYE3,0,5,2,5
MCM3AP,CD4,0,5,2,5
SNX10,CTSS,0,5,2,5
ZNF592,TMEM127,0,5,2,5
ZNF592,ZMIZ1,0,5,2,5
GNAQ,HIPK3,2,5,0,5
GNAQ,RBPJ,2,5,0,5
CSF3R,ADCY4,2,5,0,5
CSF3R,LILRA6,2,5,2,5
CSF3R,NT5DC4,2,5,0,5
CSF3R,CYCSP40,2,5,0,5
CSF3R,C7orf34,2,5,0,5
CSF3R,RP11-473M20.7,2,5,0,5
CSF3R,SLC12A9,2,5,0,5
CD302,TMEM33,2,5,0,5
CD302,QKI,2,5,0,5
CPNE8,SEPTIN10,2,5,0,5
SGMS2,AHR,2,5,2,5
SGMS2,CPM,2,5,0,5
FAM198B,MGST1,2,5,0,5
SLC46A2,FZD2,2,5,0,5
GLT1D1,RP11-531H8.2,2,5,0,5
RPGRIP1,RP11-168O16.1,2,5,0,5
RPGRIP1,RP11-473M20.9,2,5,0,5
RPGRIP1,KBTBD11,2,5,2,5
RAB32,MFSD1,2,5,2,5
RASSF4,FADS1,2,5,2,5
RASSF4,CD33,2,5,2,5
RASSF4,BCL2L2,2,5,3,5
RASSF4,CD163,2,5,2,5
RASSF4,ADAP2,2,5,3,5
RASSF4,RP11-254F7.2,2,5,0,5
RASSF4,PLD2,2,5,0,5
HNMT,MS4A6A,2,5,2,5
HNMT,SLITRK4,2,5,0,5
ITGA5,GLYR1,2,5,0,5
ITGA5,AGAP7,2,5,0,5
ITGA5,RP11-435F17.3,2,5,0,5
ITGA5,NDE1,2,5,0,5
PLSCR1,TNFSF13B,2,5,2,5
PLSCR1,IFI16,2,5,0,5
PLSCR1,RP11-439A17.9,2,5,0,5
PRKCA,SUSD4,2,5,0,5
PRKCA,CD27,2,5,0,5
PRKCA,ENTPD6,2,5,0,5
HK3,TDRD9,2,5,2,5
HK3,MIR22HG,2,5,1,5
HK3,DDAH2,2,5,0,5
HK3,UNC5A,2,5,0,5
HK3,HHEX,2,5,3,5
CDC42EP3,ATXN1,2,5,0,5
CDC42EP3,UBE2J1,2,5,0,5
QPCT,FCAR,2,5,2,5
QPCT,MME,2,5,0,5
QPCT,BMX,2,5,0,5
QPCT,LBR,2,5,0,5
QPCT,MARCHF1,2,5,2,5
QPCT,TMED3,2,5,0,5
QPCT,CTB-61M7.2,2,5,3,5
QPCT,HECW2,2,5,0,5
MYOF,TJP2,2,5,2,5
MYOF,TCN2,2,5,0,5
ZNF467,MTL5,2,5,3,5
CSF2RA,SNAP23,2,5,0,5
LILRA5,AC008984.2,2,5,3,5
LILRA5,AC008984.7,2,5,0,5
FAM129B,GRAMD4,2,5,0,5
FAM129B,OAF,2,5,2,5
FAM129B,GNA15,2,5,2,5
CDC42EP2,RP11-344B5.2,2,5,0,5
RNF130,TYROBP,2,5,2,5
RNF130,FRAT1,2,5,0,5
RNF130,C19orf38,2,5,2,5
CTBP2,LATS2,2,5,2,5
CDA,PADI4,2,5,2,5
CDA,MGAM,2,5,0,5
NAT10,KRI1,2,5,0,5
NAT10,DKC1,2,5,3,5
NAT10,RRS1,2,5,3,5
NAT10,SP140L,2,5,0,5
NAT10,NUP155,2,5,0,5
NAT10,URB1,2,5,0,5
NAT10,SPTBN1,2,5,0,5
LPPR2,RGL2,2,5,0,5
TMTC2,hsa-mir-6723,2,5,0,5
CD14,GNA15,2,5,2,5
CPPED1,RSPH3,2,5,0,5
CPPED1,RP11-70C1.1,2,5,0,5
CUEDC1,VEGFA,2,5,2,5
LST1,LAMTOR4,2,5,0,5
LST1,NOP10,2,5,0,5
TBXAS1,DAAM2,2,5,0,5
TBXAS1,MPPE1,2,5,0,5
TBXAS1,FAM212B,2,5,2,5
TBXAS1,MPZL1,2,5,0,5
TBXAS1,KIF27,2,5,0,5
CASP1,CARD16,2,5,0,5
CASP1,SAT1,2,5,3,5
CASP1,TRIM22,2,5,0,5
CASP1,CASP4,2,5,0,5
ALDH3B1,HMOX1,2,5,2,5
ALDH3B1,CTSZ,2,5,0,5
ALDH3B1,BAIAP2-AS1,2,5,2,5
ALDH3B1,MYCL1,2,5,2,5
ALDH3B1,AC011899.9,2,5,2,5
ALDH3B1,FBP1,2,5,2,5
AGTRAP,STX10,2,5,0,5
AGTRAP,SMARCD3,2,5,2,5
ARHGEF10L,SLC2A9,2,5,2,5
ARHGEF10L,KLF4,2,5,2,5
ARHGEF10L,CD33,2,5,2,5
ARHGEF10L,RNH1,2,5,0,5
ARHGEF10L,CD1D,2,5,0,5
CRTAP,ADAMTS5,2,5,0,5
S100A8,TFIP11,2,5,3,5
S100A8,LY96,2,5,2,5
S100A8,ANXA3,2,5,0,5
CARD6,C19orf59,2,5,0,5
C1orf198,CDKN1A,2,5,3,5
C1orf198,EHD3,2,5,4,5
C1orf198,LMNA,2,5,2,5
UBXN11,S100A13,2,5,0,5
UBXN11,SLC43A3,2,5,0,5
UBXN11,LINC00482,2,5,0,5
UBXN11,AP001055.6,2,5,0,5
MTO1,ZNF589,2,5,0,5
MTO1,FAM216A,2,5,0,5
MTO1,UTP14A,2,5,0,5
MTO1,HYLS1,2,5,2,5
MTO1,C1orf213,2,5,0,5
MTO1,METTL6,2,5,2,5
MAPKAPK3,ALDH3B1,2,5,2,5
MAPKAPK3,PPM1H,2,5,0,5
BMP1,PGF,2,5,0,5
VMP1,DUSP6,2,5,2,5
VMP1,CLEC4E,2,5,2,5
VMP1,CLEC7A,2,5,2,5
VMP1,LBH,2,5,0,5
VMP1,CD302,2,5,2,5
PLEKHB2,GSR,2,5,0,5
OSBP2,FBXO9,2,5,0,5
OSBP2,SMOX,2,5,4,5
OSBP2,C5orf4,2,5,2,5
RARA,SERPINA1,2,15,2,15
RARA,DGCR2,2,15,0,5
ZNF544,ZNF19,2,5,0,5
ZNF544,MFSD4,2,5,0,5
BLNK,CD24P4,2,5,2,5
BLNK,DENND5B,2,5,0,5
BLNK,KLHL14,2,5,0,5
NCBP2,SUPV3L1,2,5,0,5
NCBP2,PHAX,2,5,0,5
NCBP2,FTSJ2,2,5,3,5
NCBP2,ZNF620,2,5,0,5
NCBP2,ZNF419,2,5,0,5
NCBP2,CYP20A1,2,5,0,5
RAB43,RP11-347I19.3,2,5,0,5
RILP,WDR45,2,5,0,5
SVIL,TBL1X,2,5,0,5
SVIL,RP11-262D11.2,2,5,0,5
SVIL,JAG1,2,5,5,5
SVIL,SSH2,2,5,0,5
SVIL,RP11-768B22.2,2,5,0,5
TYMP,MGAT1,2,5,0,5
TYMP,MFSD7,2,5,2,5
TYMP,ODF3B,2,5,0,5
MSRB1,NRBF2,2,5,0,5
MSRB1,ATG14,2,5,5,5
MSRB1,LRRC4,2,5,0,5
MSRB1,IL1RN,2,5,2,5
MSRB1,FUT7,2,5,5,5
MSRB1,AC009506.1,2,5,0,5
SLC30A1,ARL8B,2,5,0,5
NCKAP5L,SMTN,2,5,0,5
FES,NEU1,2,5,0,5
FES,GLB1,2,5,2,5
ACRBP,PF4,2,5,2,5
ACRBP,AC137932.6,2,5,0,5
ACRBP,OST4,2,5,0,5
VPS26B,RP11-403I13.8,2,5,3,5
TNFSF4,DENND2C,2,5,4,5
TNFSF4,RGS18,2,5,2,5
TNFSF4,MYCT1,2,5,0,5
TNFSF4,AIG1,2,5,4,5
CDC16,UPF3A,2,5,0,5
AMPD2,TIGD3,2,5,0,5
AMPD2,BANP,2,5,0,5
AMPD2,IQCE,2,5,2,5
GLB1,FBN2,2,5,0,5
GLB1,SCPEP1,2,5,0,5
GIMAP2,MTHFD2,2,5,0,5
PGD,TPM3,2,5,0,5
PGD,PYGL,2,5,2,5
PGD,ATP6V0D1,2,5,0,5
BLVRB,TCEB2,2,5,0,5
BLVRB,DPM2,2,5,0,5
BLVRB,PRDX2,2,5,0,5
WDR66,PGF,2,5,0,5
NQO2,RP1-90J20.11,2,5,0,5
PISD,TRPC4AP,2,5,0,5
AP5B1,APOBEC3A,2,5,2,5
AP5B1,CHRNB2,2,5,0,5
AP5B1,Metazoa_SRP,2,5,0,5
AP5B1,NTNG2,2,5,0,5
TKT,TST,2,5,0,5
PPP1R26,GFOD1,2,5,0,5
ARMCX2,AC016757.3,2,5,0,5
DENND1A,CDKN1B,2,5,0,5
LUC7L3,RSRC2,2,5,0,5
LUC7L3,SLTM,2,5,0,5
LUC7L3,TRMT11,2,5,0,5
SLC27A1,NR1H3,2,5,0,5
EFHD2,CD300A,2,5,2,5
FAM184B,FMN1,2,5,0,5
FAM184B,PRKAG2,2,5,3,5
FANCL,CCNYL1,2,5,0,5
FANCL,EZH2,2,5,0,5
SLC43A2,KDM4B,2,15,0,5
SLC43A2,ARHGEF40,2,15,2,5
SLC43A2,ZSWIM8,2,15,0,5
SLC43A2,FCGRT,2,15,2,15
SLC43A2,SLC45A4,2,15,2,5
SLC43A2,DNAJB12,2,15,0,5
SLC43A2,AMPD2,2,15,2,5
AGAP3,STEAP3,2,5,2,5
AGAP3,PITPNM1,2,5,0,5
AGAP3,C9orf173,2,5,0,5
CD86,MS4A7,2,5,0,5
CD86,SOCS6,2,5,2,5
CD86,MSR1,2,5,0,5
CD86,CPVL,2,5,2,5
CD86,ANXA2,2,5,0,5
S100A6,BLOC1S1,2,5,0,5
GRB2,CHMP2A,2,5,0,5
GRB2,SYK,2,5,0,5
GRB2,HCK,2,5,2,5
GRB2,PLIN3,2,5,0,5
TAF5L,FNIP2,5,5,2,5
MAP3K3,CTA-217C2.1,0,5,2,5
MAP3K3,H2AFY,0,5,2,5
FBXL5,SLC16A6,0,5,2,5
FBXL5,RNF149,0,5,2,5
FBXL5,MCTP1,0,5,2,5
BRD9,RGS12,0,5,2,5
MAP2K4,MPZL3,0,5,2,5
SLC6A6,SIRPB1,0,15,2,5
SLC6A6,HRH2,0,15,2,5
SLC6A6,PFKFB4,0,15,2,5
SLC6A6,CXCR2,0,15,2,5
ZBTB34,LILRA2,0,5,2,5
DCUN1D1,RNF11,0,5,2,5
ATP13A1,TTYH2,0,5,2,5
PAPOLA,ZFAND5,0,5,2,5
PLAGL1,EFCAB2,0,5,2,5
KCNH7,TLR5,0,5,2,5
CHP1,LEPROT,0,5,2,5
GAB2,FOSL2,0,5,2,5
GAB2,CAMKK2,0,5,2,5
GAB2,MMP25,0,5,2,5
ZNF746,ANPEP,0,5,2,5
SH2B3,ZCCHC24,0,5,2,5
KDM6B,RASGRP4,0,5,2,5
DENND3,RP11-1105G2.3,0,5,2,5
DNAH1,TSPAN14,0,5,2,5
SPNS3,CAMK1,0,5,2,5
ABP1,TMEM176B,0,5,2,5
KSR1,ARRB1,0,5,2,5
ATP5F1,ANXA1,0,5,2,5
RP11-415J8.3,ZNF219,0,5,2,5
MMP24,KCNH3,0,5,2,5
RP11-701P16.2,DYSF,0,15,2,15
GOLGA5P1,FYB,0,5,2,5
WDR59,ZNF346,0,5,2,5
MTHFR,AGAP3,0,5,2,5
SH3PXD2B,SDC3,0,5,2,5
MGST1,LYZ,0,5,2,5
ARAP1,PXN,0,5,2,5
ARAP1,GAA,0,5,2,5
ARAP1,ZMIZ1,0,5,2,5
FKBP15,GAS7,0,5,2,5
FKBP15,SLC31A1,0,5,2,5
FKBP15,RP11-398A8.3,0,5,2,5
CSNK1D,APOBR,0,5,2,5
PIEZO1,ACP2,0,5,2,5
PRCP,GLIPR2,0,15,2,15
NBEAL2,ADAMTSL4,0,5,2,5
PITPNM2,DLG4,0,5,2,5
GMIP,ZYX,0,5,2,5
GMIP,PRAM1,0,5,2,5
CAPN2,RHOU,0,5,2,5
CD96,IL7R,0,5,2,5
RASGRP1,RP11-622O11.2,0,5,2,5
CHMP7,ARMCX2,5,5,2,5
UNC119,CUEDC1,0,5,2,5
LRRC58,FUT4,0,5,2,5
TLE3,SLC11A1,0,5,2,5
HPS5,TIMELESS,0,5,2,5
WDR3,NCBP2,0,5,2,5
FASTKD1,FAM63A,0,5,2,5
STRADB,CREG1,0,5,2,5
UBA1,NDRG1,0,5,2,5
ATP6AP2,ALDH1A1,0,5,2,5
FAM49B,VMP1,0,15,2,5
CCNC,HMGN1,0,5,2,5
MKI67IP,C17orf75,0,5,2,5
HSD17B11,MNDA,0,5,2,5
HSD17B11,IGSF6,0,5,2,5
HSD17B11,CTSS,0,5,2,5
RP11-145M9.4,FGL2,0,5,2,5
ENDOD1,TPM1,0,5,2,5
KLF7-IT1,CSGALNACT1,3,5,2,5
RNF10,MICAL2,3,5,2,5
NADK,PLAUR,0,15,2,5
NADK,TNFAIP2,0,15,2,5
NADK,MEFV,0,15,2,5
NADK,FGR,0,15,2,5
PPP1R2,LEPROTL1,0,5,2,5
ATAD2,ZNF185,0,5,2,5
GPT2,MYO5C,0,5,2,5
DAPK2,FAM101B,0,5,2,5
AC005077.14,WDR66,0,5,2,5
DTL,FANCL,0,5,2,5
NAPEPLD,CTC-444N24.11,0,5,2,5
GLI1,ARHGEF11,0,5,2,5
LITAF,SOD2,0,15,2,5
FCRL6,CCL5,0,5,2,5
MRPS25,GLUL,0,5,2,5
MRPS25,RP11-48B14.2,0,5,2,5
OAS2,SPATS2L,0,5,2,5
ZDHHC18,PFKFB4,0,5,2,5
ZDHHC18,ABHD5,0,5,2,5
ZDHHC18,FCGR2A,0,5,2,5
ZDHHC18,SIGLEC5,0,5,2,5
MYL5,MFSD7,0,5,2,5
CC2D1B,TMEM173,0,5,2,5
CCDC25,TRIM32,0,5,2,5
FAM20B,UBE2F,0,5,2,5
PTOV1,PLK3,0,5,2,5
TNK2,OSBPL5,0,5,2,5
OIP5-AS1,CTC-559E9.5,0,5,2,5
PCSK4,KNDC1,0,5,2,5
GZMH,CST7,0,5,2,5
GZMK,CCR5,0,5,2,5
WWP2,TK2,0,5,2,5
CASP4,GBP2,0,5,2,5
C11orf9,BMP1,0,5,2,5
SH2D1B,HAVCR2,0,5,2,5
CD1D,FCN1,0,5,2,5
TFEC,CYBB,0,15,2,15
TFEC,CD86,0,15,2,5
LRP3,NKIRAS2,0,5,2,5
THEMIS2,CEBPD,0,5,2,5
THEMIS2,SLC16A3,0,5,2,5
THEMIS2,RAB20,0,5,2,5
NOP10,S100A6,0,5,2,5
TXN,S100A8,0,5,2,5
GFI1,CD8A,0,5,2,5
ANKRD52,TP53,0,5,2,5
ANKRD52,CTD-3195I5.1,0,5,2,5
AGK,MSANTD2,0,5,2,5
NMI,TNFSF10,0,5,2,5
KLF1,BLVRB,0,5,2,5
HBA2,HBB,0,5,2,5
GLRX5,LGALS3,0,5,2,5
SPTA1,SPECC1,0,5,2,5
RP11-473M20.8,MMP25,0,5,2,5
RP11-439A17.9,STK3,0,5,2,5
RP11-707P17.2,DMXL2,0,5,2,5
NAA20,IFT57,0,5,2,5
